subject,object,predicate_id,init_prompt
Stephen Donaldson (activist),bisexual,P91,Stephen Donaldson (activist) sexual orientation is [MASK]
Steven Carrington,homosexual,P91,Steven Carrington sexual orientation is [MASK]
Living Lightning,homosexual,P91,Living Lightning sexual orientation is [MASK]
Lord Arthur Clinton,homosexual,P91,Lord Arthur Clinton sexual orientation is [MASK]
Colin Russell (EastEnders),homosexual,P91,Colin Russell (EastEnders) sexual orientation is [MASK]
Abigail Garner,heterosexual,P91,Abigail Garner sexual orientation is [MASK]
George Smith (Hollyoaks),homosexual,P91,George Smith (Hollyoaks) sexual orientation is [MASK]
Dave Karofsky,homosexual,P91,Dave Karofsky sexual orientation is [MASK]
Todd Grimshaw,homosexual,P91,Todd Grimshaw sexual orientation is [MASK]
Liberace,homosexual,P91,Liberace sexual orientation is [MASK]
Brendan Brady,homosexual,P91,Brendan Brady sexual orientation is [MASK]
Devlin Waugh,homosexual,P91,Devlin Waugh sexual orientation is [MASK]
Rod (Avenue Q),homosexual,P91,Rod (Avenue Q) sexual orientation is [MASK]
Desiree Akhavan,bisexual,P91,Desiree Akhavan sexual orientation is [MASK]
Simon Raymond,homosexual,P91,Simon Raymond sexual orientation is [MASK]
Rictor,homosexual,P91,Rictor sexual orientation is [MASK]
Filipp Vigel,homosexual,P91,Filipp Vigel sexual orientation is [MASK]
Kate Brown,bisexual,P91,Kate Brown sexual orientation is [MASK]
Lord John Grey,homosexual,P91,Lord John Grey sexual orientation is [MASK]
Peter Wildeblood,homosexual,P91,Peter Wildeblood sexual orientation is [MASK]
Ste Hay,homosexual,P91,Ste Hay sexual orientation is [MASK]
Simon Raymond,homosexual,P91,Simon Raymond sexual orientation is [MASK]
Peter Wildeblood,homosexual,P91,Peter Wildeblood sexual orientation is [MASK]
Wiccan (comics),homosexual,P91,Wiccan (comics) sexual orientation is [MASK]
Kimber James,transgender woman,P21,Kimber James gender is [MASK]
Alexandra Billings,transgender woman,P21,Alexandra Billings gender is [MASK]
Christine Jorgensen,transgender woman,P21,Christine Jorgensen gender is [MASK]
Laerte,transgender woman,P21,Laerte gender is [MASK]
Andrea James,transgender woman,P21,Andrea James gender is [MASK]
Tonette Lopez,transgender woman,P21,Tonette Lopez gender is [MASK]
Harry Allen (trans man),transgender man,P21,Harry Allen (trans man) gender is [MASK]
Dorce Gamalama,transgender woman,P21,Dorce Gamalama gender is [MASK]
Laverne Cox,transgender woman,P21,Laverne Cox gender is [MASK]
Ryan Cassata,transgender man,P21,Ryan Cassata gender is [MASK]
Bülent Ersoy,transgender woman,P21,Bülent Ersoy gender is [MASK]
Albert Cashier,transgender man,P21,Albert Cashier gender is [MASK]
Tyra Hunter,transgender woman,P21,Tyra Hunter gender is [MASK]
Andreja Pejić,transgender woman,P21,Andreja Pejić gender is [MASK]
Dana International,transgender woman,P21,Dana International gender is [MASK]
Mimi Marks,transgender woman,P21,Mimi Marks gender is [MASK]
Jack Bee Garland,transgender man,P21,Jack Bee Garland gender is [MASK]
Carlotta (performer),transgender woman,P21,Carlotta (performer) gender is [MASK]
Anna Grodzka,transgender woman,P21,Anna Grodzka gender is [MASK]
Alec Butler,transgender man,P21,Alec Butler gender is [MASK]
Georgina Beyer,transgender woman,P21,Georgina Beyer gender is [MASK]
Lili Elbe,transgender woman,P21,Lili Elbe gender is [MASK]
Miss Major Griffin-Gracy,transgender woman,P21,Miss Major Griffin-Gracy gender is [MASK]
Nireah Johnson,transgender woman,P21,Nireah Johnson gender is [MASK]
Kristin Beck,transgender woman,P21,Kristin Beck gender is [MASK]
Kye Allums,transgender man,P21,Kye Allums gender is [MASK]
Murray Hall (politician),transgender man,P21,Murray Hall (politician) gender is [MASK]
Francis García,transgender woman,P21,Francis García gender is [MASK]
Chris Mosier,transgender man,P21,Chris Mosier gender is [MASK]
Chelsea Manning,transgender woman,P21,Chelsea Manning gender is [MASK]
Ikko (makeup artist),transgender woman,P21,Ikko (makeup artist) gender is [MASK]
Andreas Krieger,transgender man,P21,Andreas Krieger gender is [MASK]
Laura Jane Grace,transgender woman,P21,Laura Jane Grace gender is [MASK]
Joanna Jet,transgender woman,P21,Joanna Jet gender is [MASK]
Christine Jorgensen,transgender woman,P21,Christine Jorgensen gender is [MASK]
Georgina Beyer,transgender woman,P21,Georgina Beyer gender is [MASK]
Carmen Carrera,transgender woman,P21,Carmen Carrera gender is [MASK]
Octavia St. Laurent,transgender woman,P21,Octavia St. Laurent gender is [MASK]
Bailey Jay,transgender woman,P21,Bailey Jay gender is [MASK]
Jin Xing,transgender woman,P21,Jin Xing gender is [MASK]
Hazel Tucker,transgender woman,P21,Hazel Tucker gender is [MASK]
Hida Viloria,gender fluid,P21,Hida Viloria gender is [MASK]
Laverne Cox,transgender woman,P21,Laverne Cox gender is [MASK]
Laura Jane Grace,transgender woman,P21,Laura Jane Grace gender is [MASK]
Micheline Montreuil,transgender woman,P21,Micheline Montreuil gender is [MASK]
Bobby Darling,transgender woman,P21,Bobby Darling gender is [MASK]
Buck Angel,transgender man,P21,Buck Angel gender is [MASK]
Gwen Haworth,transgender woman,P21,Gwen Haworth gender is [MASK]
S. Bear Bergman,transgender man,P21,S. Bear Bergman gender is [MASK]
Thomas Beatie,transgender man,P21,Thomas Beatie gender is [MASK]
Sylvia Rivera,transgender woman,P21,Sylvia Rivera gender is [MASK]
Paschal Triduum,Christianity,P140,Paschal Triduum is affiliated with the religion [MASK]
Vidyapati,Hinduism,P140,Vidyapati is affiliated with the religion [MASK]
Vidyapati,Hinduism,P140,Vidyapati is affiliated with the religion [MASK]
Muslim ibn al-Hajjaj,Islam,P140,Muslim ibn al-Hajjaj is affiliated with the religion [MASK]
Muslim ibn al-Hajjaj,Islam,P140,Muslim ibn al-Hajjaj is affiliated with the religion [MASK]
Ibn Shihab al-Zuhri,Islam,P140,Ibn Shihab al-Zuhri is affiliated with the religion [MASK]
Ibn Shihab al-Zuhri,Islam,P140,Ibn Shihab al-Zuhri is affiliated with the religion [MASK]
Mehmed IV,Islam,P140,Mehmed IV is affiliated with the religion [MASK]
Mehmed IV,Islam,P140,Mehmed IV is affiliated with the religion [MASK]
Islamic view of Isaac,Islam,P140,Islamic view of Isaac is affiliated with the religion [MASK]
Islamic view of Isaac,Islam,P140,Islamic view of Isaac is affiliated with the religion [MASK]
Hurrem sultan,Islam,P140,Hurrem sultan is affiliated with the religion [MASK]
Hurrem sultan,Islam,P140,Hurrem sultan is affiliated with the religion [MASK]
Rumi,Islam,P140,Rumi is affiliated with the religion [MASK]
Rumi,Islam,P140,Rumi is affiliated with the religion [MASK]
Mir Damad,Islam,P140,Mir Damad is affiliated with the religion [MASK]
Mir Damad,Islam,P140,Mir Damad is affiliated with the religion [MASK]
Hafsa bint Umar,Islam,P140,Hafsa bint Umar is affiliated with the religion [MASK]
Hafsa bint Umar,Islam,P140,Hafsa bint Umar is affiliated with the religion [MASK]
Haji Shariatullah,Islam,P140,Haji Shariatullah is affiliated with the religion [MASK]
Ibn Arabi,Islam,P140,Ibn Arabi is affiliated with the religion [MASK]
History of the Jews in Egypt,Judaism,P140,History of the Jews in Egypt is affiliated with the religion [MASK]
Dayi Daoxin,Buddhism,P140,Dayi Daoxin is affiliated with the religion [MASK]
Dayi Daoxin,Buddhism,P140,Dayi Daoxin is affiliated with the religion [MASK]
Jianzhi Sengcan,Buddhism,P140,Jianzhi Sengcan is affiliated with the religion [MASK]
Jianzhi Sengcan,Buddhism,P140,Jianzhi Sengcan is affiliated with the religion [MASK]
Daman Hongren,Buddhism,P140,Daman Hongren is affiliated with the religion [MASK]
Abdur Rahman bin Awf,Islam,P140,Abdur Rahman bin Awf is affiliated with the religion [MASK]
Omar Bongo,Islam,P140,Omar Bongo is affiliated with the religion [MASK]
Omar Bongo,Islam,P140,Omar Bongo is affiliated with the religion [MASK]
Thietmar of Merseburg,Christianity,P140,Thietmar of Merseburg is affiliated with the religion [MASK]
Thietmar of Merseburg,Christianity,P140,Thietmar of Merseburg is affiliated with the religion [MASK]
Hamiduddin Farahi,Islam,P140,Hamiduddin Farahi is affiliated with the religion [MASK]
Peoples Temple,Christianity,P140,Peoples Temple is affiliated with the religion [MASK]
Peoples Temple,Christianity,P140,Peoples Temple is affiliated with the religion [MASK]
Ibn-e-Safi,Islam,P140,Ibn-e-Safi is affiliated with the religion [MASK]
Michael Muhammad Knight,Islam,P140,Michael Muhammad Knight is affiliated with the religion [MASK]
Michael Muhammad Knight,Islam,P140,Michael Muhammad Knight is affiliated with the religion [MASK]
Catholic Church,Christianity,P140,Catholic Church is affiliated with the religion [MASK]
Catholic Church,Christianity,P140,Catholic Church is affiliated with the religion [MASK]
Malik ibn Anas,Islam,P140,Malik ibn Anas is affiliated with the religion [MASK]
Malik ibn Anas,Islam,P140,Malik ibn Anas is affiliated with the religion [MASK]
Kadamba Dynasty,Hinduism,P140,Kadamba Dynasty is affiliated with the religion [MASK]
Johari Abdul-Malik,Islam,P140,Johari Abdul-Malik is affiliated with the religion [MASK]
Johari Abdul-Malik,Islam,P140,Johari Abdul-Malik is affiliated with the religion [MASK]
Abdurrahman Wahid,Islam,P140,Abdurrahman Wahid is affiliated with the religion [MASK]
Patrick Sookhdeo,Islam,P140,Patrick Sookhdeo is affiliated with the religion [MASK]
Patrick Sookhdeo,Islam,P140,Patrick Sookhdeo is affiliated with the religion [MASK]
Yusuf al-Qaradawi,Islam,P140,Yusuf al-Qaradawi is affiliated with the religion [MASK]
Yusuf al-Qaradawi,Islam,P140,Yusuf al-Qaradawi is affiliated with the religion [MASK]
Ja'far ibn Abī Tālib,Islam,P140,Ja'far ibn Abī Tālib is affiliated with the religion [MASK]
Moin-ud-din Chishti,Islam,P140,Moin-ud-din Chishti is affiliated with the religion [MASK]
rebbetzin,Judaism,P140,rebbetzin is affiliated with the religion [MASK]
Ibn Saud,Islam,P140,Ibn Saud is affiliated with the religion [MASK]
Vasubandhu,Buddhism,P140,Vasubandhu is affiliated with the religion [MASK]
Vasubandhu,Buddhism,P140,Vasubandhu is affiliated with the religion [MASK]
Majapahit,Hinduism,P140,Majapahit is affiliated with the religion [MASK]
Hosni Mubarak,Islam,P140,Hosni Mubarak is affiliated with the religion [MASK]
Michael Bloomberg,Judaism,P140,Michael Bloomberg is affiliated with the religion [MASK]
Tantrasara,Hinduism,P140,Tantrasara is affiliated with the religion [MASK]
Tantrasara,Hinduism,P140,Tantrasara is affiliated with the religion [MASK]
Uwais Qarni,Islam,P140,Uwais Qarni is affiliated with the religion [MASK]
Uwais Qarni,Islam,P140,Uwais Qarni is affiliated with the religion [MASK]
As-Saffah,Islam,P140,As-Saffah is affiliated with the religion [MASK]
Dokka Umarov,Islam,P140,Dokka Umarov is affiliated with the religion [MASK]
Anjem Choudary,Islam,P140,Anjem Choudary is affiliated with the religion [MASK]
Anjem Choudary,Islam,P140,Anjem Choudary is affiliated with the religion [MASK]
Muhammad Ali Pasha,Islam,P140,Muhammad Ali Pasha is affiliated with the religion [MASK]
Nasr Abu Zayd,Islam,P140,Nasr Abu Zayd is affiliated with the religion [MASK]
Muhammad Tahir-ul-Qadri,Islam,P140,Muhammad Tahir-ul-Qadri is affiliated with the religion [MASK]
Sri Chinmoy,Hinduism,P140,Sri Chinmoy is affiliated with the religion [MASK]
James I of Aragon,Christianity,P140,James I of Aragon is affiliated with the religion [MASK]
Ali Khamenei,Islam,P140,Ali Khamenei is affiliated with the religion [MASK]
Wesleyan Methodist Church,Christianity,P140,Wesleyan Methodist Church is affiliated with the religion [MASK]
Hamid Karzai,Islam,P140,Hamid Karzai is affiliated with the religion [MASK]
Hamid Karzai,Islam,P140,Hamid Karzai is affiliated with the religion [MASK]
Isaac Abrabanel,Judaism,P140,Isaac Abrabanel is affiliated with the religion [MASK]
Satavahana dynasty,Hinduism,P140,Satavahana dynasty is affiliated with the religion [MASK]
Himyarite Kingdom,Judaism,P140,Himyarite Kingdom is affiliated with the religion [MASK]
Albert Schweitzer,Christianity,P140,Albert Schweitzer is affiliated with the religion [MASK]
Muhammad Shah,Islam,P140,Muhammad Shah is affiliated with the religion [MASK]
Muhammad Shah,Islam,P140,Muhammad Shah is affiliated with the religion [MASK]
Suharto,Islam,P140,Suharto is affiliated with the religion [MASK]
Suharto,Islam,P140,Suharto is affiliated with the religion [MASK]
Judaizers,Christianity,P140,Judaizers is affiliated with the religion [MASK]
Judaizers,Christianity,P140,Judaizers is affiliated with the religion [MASK]
Chuck D,Islam,P140,Chuck D is affiliated with the religion [MASK]
Maumoon Abdul Gayoom,Islam,P140,Maumoon Abdul Gayoom is affiliated with the religion [MASK]
Maumoon Abdul Gayoom,Islam,P140,Maumoon Abdul Gayoom is affiliated with the religion [MASK]
Cuthbert,Christianity,P140,Cuthbert is affiliated with the religion [MASK]
Cuthbert,Christianity,P140,Cuthbert is affiliated with the religion [MASK]
Jack Ward,Islam,P140,Jack Ward is affiliated with the religion [MASK]
Fatimah bint Asad,Islam,P140,Fatimah bint Asad is affiliated with the religion [MASK]
Fatimah bint Asad,Islam,P140,Fatimah bint Asad is affiliated with the religion [MASK]
Al-Walid I,Islam,P140,Al-Walid I is affiliated with the religion [MASK]
Al-Walid I,Islam,P140,Al-Walid I is affiliated with the religion [MASK]
Ice Cube,Islam,P140,Ice Cube is affiliated with the religion [MASK]
Valdemar I of Denmark,Christianity,P140,Valdemar I of Denmark is affiliated with the religion [MASK]
Carlos the Jackal,Islam,P140,Carlos the Jackal is affiliated with the religion [MASK]
Valdemar IV of Denmark,Christianity,P140,Valdemar IV of Denmark is affiliated with the religion [MASK]
al-Maʾmun,Islam,P140,al-Maʾmun is affiliated with the religion [MASK]
Tariq Abdul-Wahad,Islam,P140,Tariq Abdul-Wahad is affiliated with the religion [MASK]
Tariq Abdul-Wahad,Islam,P140,Tariq Abdul-Wahad is affiliated with the religion [MASK]
Muhammad Ali Jinnah,Islam,P140,Muhammad Ali Jinnah is affiliated with the religion [MASK]
Muhammad Ali Jinnah,Islam,P140,Muhammad Ali Jinnah is affiliated with the religion [MASK]
Daniel Patrick Boyd,Islam,P140,Daniel Patrick Boyd is affiliated with the religion [MASK]
Daniel Patrick Boyd,Islam,P140,Daniel Patrick Boyd is affiliated with the religion [MASK]
Mesud I,Islam,P140,Mesud I is affiliated with the religion [MASK]
Abdul Hamid II,Islam,P140,Abdul Hamid II is affiliated with the religion [MASK]
Zunghar Khanate,Buddhism,P140,Zunghar Khanate is affiliated with the religion [MASK]
Muhammad Shah of Brunei,Islam,P140,Muhammad Shah of Brunei is affiliated with the religion [MASK]
Maulana Mohammad Ali,Islam,P140,Maulana Mohammad Ali is affiliated with the religion [MASK]
Aung San Suu Kyi,Buddhism,P140,Aung San Suu Kyi is affiliated with the religion [MASK]
Kalabhra,Buddhism,P140,Kalabhra is affiliated with the religion [MASK]
Harun al-Rashid,Islam,P140,Harun al-Rashid is affiliated with the religion [MASK]
Harun al-Rashid,Islam,P140,Harun al-Rashid is affiliated with the religion [MASK]
Reza Aslan,Islam,P140,Reza Aslan is affiliated with the religion [MASK]
Vijayanagara Empire,Hinduism,P140,Vijayanagara Empire is affiliated with the religion [MASK]
Vijayanagara Empire,Hinduism,P140,Vijayanagara Empire is affiliated with the religion [MASK]
Inayat Khan,Islam,P140,Inayat Khan is affiliated with the religion [MASK]
Isma'il ibn Jafar,Islam,P140,Isma'il ibn Jafar is affiliated with the religion [MASK]
Louis XIV of France,Christianity,P140,Louis XIV of France is affiliated with the religion [MASK]
Lord's Prayer,Christianity,P140,Lord's Prayer is affiliated with the religion [MASK]
Tulsi Gabbard,Hinduism,P140,Tulsi Gabbard is affiliated with the religion [MASK]
Abdullah Ahmad Badawi,Islam,P140,Abdullah Ahmad Badawi is affiliated with the religion [MASK]
Henry III of France,Christianity,P140,Henry III of France is affiliated with the religion [MASK]
Ugyen Wangchuck,Buddhism,P140,Ugyen Wangchuck is affiliated with the religion [MASK]
Andrew Ibrahim,Islam,P140,Andrew Ibrahim is affiliated with the religion [MASK]
Andrew Ibrahim,Islam,P140,Andrew Ibrahim is affiliated with the religion [MASK]
Israel Zolli,Judaism,P140,Israel Zolli is affiliated with the religion [MASK]
Rashtrakuta Dynasty,Hinduism,P140,Rashtrakuta Dynasty is affiliated with the religion [MASK]
Rashtrakuta Dynasty,Hinduism,P140,Rashtrakuta Dynasty is affiliated with the religion [MASK]
Khadijah bint Khuwaylid,Islam,P140,Khadijah bint Khuwaylid is affiliated with the religion [MASK]
Yvonne Ridley,Islam,P140,Yvonne Ridley is affiliated with the religion [MASK]
Akhoond,Islam,P140,Akhoond is affiliated with the religion [MASK]
Mohammed Omar,Islam,P140,Mohammed Omar is affiliated with the religion [MASK]
Conrad I of Germany,Christianity,P140,Conrad I of Germany is affiliated with the religion [MASK]
Khanate of Sibir,Islam,P140,Khanate of Sibir is affiliated with the religion [MASK]
Khanate of Khiva,Islam,P140,Khanate of Khiva is affiliated with the religion [MASK]
Khanate of Khiva,Islam,P140,Khanate of Khiva is affiliated with the religion [MASK]
Muhammad Qasim Nanotvi,Islam,P140,Muhammad Qasim Nanotvi is affiliated with the religion [MASK]
Muhammad Qasim Nanotvi,Islam,P140,Muhammad Qasim Nanotvi is affiliated with the religion [MASK]
Mata Amritanandamayi,Hinduism,P140,Mata Amritanandamayi is affiliated with the religion [MASK]
Muhammad al-Bukhari,Islam,P140,Muhammad al-Bukhari is affiliated with the religion [MASK]
Muhammad al-Bukhari,Islam,P140,Muhammad al-Bukhari is affiliated with the religion [MASK]
Charles V of France,Christianity,P140,Charles V of France is affiliated with the religion [MASK]
Charles V of France,Christianity,P140,Charles V of France is affiliated with the religion [MASK]
Ali Al-Ridha,Islam,P140,Ali Al-Ridha is affiliated with the religion [MASK]
Ali Al-Ridha,Islam,P140,Ali Al-Ridha is affiliated with the religion [MASK]
Chera Dynasty,Hinduism,P140,Chera Dynasty is affiliated with the religion [MASK]
Chera Dynasty,Hinduism,P140,Chera Dynasty is affiliated with the religion [MASK]
Travancore,Hinduism,P140,Travancore is affiliated with the religion [MASK]
Maurya Empire,Hinduism,P140,Maurya Empire is affiliated with the religion [MASK]
Maurya Empire,Hinduism,P140,Maurya Empire is affiliated with the religion [MASK]
Urwah ibn Mas'ud,Islam,P140,Urwah ibn Mas'ud is affiliated with the religion [MASK]
Marmaduke Pickthall,Islam,P140,Marmaduke Pickthall is affiliated with the religion [MASK]
Marmaduke Pickthall,Islam,P140,Marmaduke Pickthall is affiliated with the religion [MASK]
Anselm Turmeda,Islam,P140,Anselm Turmeda is affiliated with the religion [MASK]
Anselm Turmeda,Islam,P140,Anselm Turmeda is affiliated with the religion [MASK]
Murad Wilfried Hofmann,Islam,P140,Murad Wilfried Hofmann is affiliated with the religion [MASK]
Robert Wexler,Judaism,P140,Robert Wexler is affiliated with the religion [MASK]
Magnus the Good,Christianity,P140,Magnus the Good is affiliated with the religion [MASK]
Xuanzang,Buddhism,P140,Xuanzang is affiliated with the religion [MASK]
Xuanzang,Buddhism,P140,Xuanzang is affiliated with the religion [MASK]
christian worship,Christianity,P140,christian worship is affiliated with the religion [MASK]
christian worship,Christianity,P140,christian worship is affiliated with the religion [MASK]
Jalaluddin Muhammad Shah,Islam,P140,Jalaluddin Muhammad Shah is affiliated with the religion [MASK]
Jalaluddin Muhammad Shah,Islam,P140,Jalaluddin Muhammad Shah is affiliated with the religion [MASK]
Hsing Yun,Buddhism,P140,Hsing Yun is affiliated with the religion [MASK]
Hsing Yun,Buddhism,P140,Hsing Yun is affiliated with the religion [MASK]
Nasiruddin Chiragh Dehlavi,Islam,P140,Nasiruddin Chiragh Dehlavi is affiliated with the religion [MASK]
Osman I,Islam,P140,Osman I is affiliated with the religion [MASK]
Matthew the Apostle,Christianity,P140,Matthew the Apostle is affiliated with the religion [MASK]
Mehmed the Conqueror,Islam,P140,Mehmed the Conqueror is affiliated with the religion [MASK]
Mehmed the Conqueror,Islam,P140,Mehmed the Conqueror is affiliated with the religion [MASK]
Hannah Arendt,Judaism,P140,Hannah Arendt is affiliated with the religion [MASK]
Uqba ibn Nafi,Islam,P140,Uqba ibn Nafi is affiliated with the religion [MASK]
Uqba ibn Nafi,Islam,P140,Uqba ibn Nafi is affiliated with the religion [MASK]
David II of Kakheti,Islam,P140,David II of Kakheti is affiliated with the religion [MASK]
Flavia Julia Constantia,Christianity,P140,Flavia Julia Constantia is affiliated with the religion [MASK]
Romulus Augustus,Christianity,P140,Romulus Augustus is affiliated with the religion [MASK]
Adalbert of Prague,Christianity,P140,Adalbert of Prague is affiliated with the religion [MASK]
Umar II,Islam,P140,Umar II is affiliated with the religion [MASK]
Khan Abdul Ghaffar Khan,Islam,P140,Khan Abdul Ghaffar Khan is affiliated with the religion [MASK]
Eliezer ben Hurcanus,Judaism,P140,Eliezer ben Hurcanus is affiliated with the religion [MASK]
Northern Nigeria Protectorate,Islam,P140,Northern Nigeria Protectorate is affiliated with the religion [MASK]
Northern Nigeria Protectorate,Islam,P140,Northern Nigeria Protectorate is affiliated with the religion [MASK]
Carl Bernstein,Judaism,P140,Carl Bernstein is affiliated with the religion [MASK]
Yusuf Estes,Islam,P140,Yusuf Estes is affiliated with the religion [MASK]
Yusuf Estes,Islam,P140,Yusuf Estes is affiliated with the religion [MASK]
Al-Masudi,Islam,P140,Al-Masudi is affiliated with the religion [MASK]
Abul Hasan Ali Hasani Nadwi,Islam,P140,Abul Hasan Ali Hasani Nadwi is affiliated with the religion [MASK]
Michael Finton,Islam,P140,Michael Finton is affiliated with the religion [MASK]
Lin Nu,Islam,P140,Lin Nu is affiliated with the religion [MASK]
Lin Nu,Islam,P140,Lin Nu is affiliated with the religion [MASK]
Arun Krushnaji Kamble,Buddhism,P140,Arun Krushnaji Kamble is affiliated with the religion [MASK]
Ahmed Zewail,Islam,P140,Ahmed Zewail is affiliated with the religion [MASK]
Ali Hujwiri,Islam,P140,Ali Hujwiri is affiliated with the religion [MASK]
Bornu Empire,Islam,P140,Bornu Empire is affiliated with the religion [MASK]
Bornu Empire,Islam,P140,Bornu Empire is affiliated with the religion [MASK]
Muhammad al-Mahdi,Islam,P140,Muhammad al-Mahdi is affiliated with the religion [MASK]
Al-Mahdi,Islam,P140,Al-Mahdi is affiliated with the religion [MASK]
Ferdinand the Holy Prince,Christianity,P140,Ferdinand the Holy Prince is affiliated with the religion [MASK]
Ferdinand the Holy Prince,Christianity,P140,Ferdinand the Holy Prince is affiliated with the religion [MASK]
Shakib Khan,Islam,P140,Shakib Khan is affiliated with the religion [MASK]
Shakib Khan,Islam,P140,Shakib Khan is affiliated with the religion [MASK]
Hind bint Utbah,Islam,P140,Hind bint Utbah is affiliated with the religion [MASK]
Hind bint Utbah,Islam,P140,Hind bint Utbah is affiliated with the religion [MASK]
Abu Sufyan ibn Harb,Islam,P140,Abu Sufyan ibn Harb is affiliated with the religion [MASK]
Abu Sufyan ibn Harb,Islam,P140,Abu Sufyan ibn Harb is affiliated with the religion [MASK]
Bahadur Shah I,Islam,P140,Bahadur Shah I is affiliated with the religion [MASK]
Bahadur Shah I,Islam,P140,Bahadur Shah I is affiliated with the religion [MASK]
Jahandar Shah,Islam,P140,Jahandar Shah is affiliated with the religion [MASK]
Farrukhsiyar,Islam,P140,Farrukhsiyar is affiliated with the religion [MASK]
Rafi ud-Darajat,Islam,P140,Rafi ud-Darajat is affiliated with the religion [MASK]
Deobandi,Islam,P140,Deobandi is affiliated with the religion [MASK]
Khalid ibn al-Walid,Islam,P140,Khalid ibn al-Walid is affiliated with the religion [MASK]
Abd Allah ibn al-Zubayr,Islam,P140,Abd Allah ibn al-Zubayr is affiliated with the religion [MASK]
Abd Allah ibn al-Zubayr,Islam,P140,Abd Allah ibn al-Zubayr is affiliated with the religion [MASK]
Nuh Ha Mim Keller,Islam,P140,Nuh Ha Mim Keller is affiliated with the religion [MASK]
Nuh Ha Mim Keller,Islam,P140,Nuh Ha Mim Keller is affiliated with the religion [MASK]
Raisul Islam Asad,Islam,P140,Raisul Islam Asad is affiliated with the religion [MASK]
Raisul Islam Asad,Islam,P140,Raisul Islam Asad is affiliated with the religion [MASK]
Hazrath Machiliwale Shah,Islam,P140,Hazrath Machiliwale Shah is affiliated with the religion [MASK]
Hazrath Machiliwale Shah,Islam,P140,Hazrath Machiliwale Shah is affiliated with the religion [MASK]
Fakhr al-Din al-Razi,Islam,P140,Fakhr al-Din al-Razi is affiliated with the religion [MASK]
Maronites,Christianity,P140,Maronites is affiliated with the religion [MASK]
Maronites,Christianity,P140,Maronites is affiliated with the religion [MASK]
Syed Kalbe Hussain,Islam,P140,Syed Kalbe Hussain is affiliated with the religion [MASK]
Syed Kalbe Hussain,Islam,P140,Syed Kalbe Hussain is affiliated with the religion [MASK]
Dildar Ali Naseerabadi,Islam,P140,Dildar Ali Naseerabadi is affiliated with the religion [MASK]
Abdullah Quilliam,Islam,P140,Abdullah Quilliam is affiliated with the religion [MASK]
Abdullah Quilliam,Islam,P140,Abdullah Quilliam is affiliated with the religion [MASK]
Ananda Krishnan,Buddhism,P140,Ananda Krishnan is affiliated with the religion [MASK]
Ananda Krishnan,Buddhism,P140,Ananda Krishnan is affiliated with the religion [MASK]
First Epistle of John,Christianity,P140,First Epistle of John is affiliated with the religion [MASK]
A. C. Bhaktivedanta Swami Prabhupada,Hinduism,P140,A. C. Bhaktivedanta Swami Prabhupada is affiliated with the religion [MASK]
A. C. Bhaktivedanta Swami Prabhupada,Hinduism,P140,A. C. Bhaktivedanta Swami Prabhupada is affiliated with the religion [MASK]
Zheng He,Islam,P140,Zheng He is affiliated with the religion [MASK]
Eid al-Fitr,Islam,P140,Eid al-Fitr is affiliated with the religion [MASK]
Shah Jahan,Islam,P140,Shah Jahan is affiliated with the religion [MASK]
Shah Jahan,Islam,P140,Shah Jahan is affiliated with the religion [MASK]
Nawabs of Bengal and Murshidabad,Islam,P140,Nawabs of Bengal and Murshidabad is affiliated with the religion [MASK]
Rostom of Kartli,Islam,P140,Rostom of Kartli is affiliated with the religion [MASK]
Saint Fabiola,Christianity,P140,Saint Fabiola is affiliated with the religion [MASK]
Leonard of Noblac,Christianity,P140,Leonard of Noblac is affiliated with the religion [MASK]
Al-Dhahabi,Islam,P140,Al-Dhahabi is affiliated with the religion [MASK]
Almoravid dynasty,Islam,P140,Almoravid dynasty is affiliated with the religion [MASK]
Almoravid dynasty,Islam,P140,Almoravid dynasty is affiliated with the religion [MASK]
Takrur,Islam,P140,Takrur is affiliated with the religion [MASK]
Takrur,Islam,P140,Takrur is affiliated with the religion [MASK]
Marpa Lotsawa,Buddhism,P140,Marpa Lotsawa is affiliated with the religion [MASK]
Quranism,Islam,P140,Quranism is affiliated with the religion [MASK]
Quranism,Islam,P140,Quranism is affiliated with the religion [MASK]
Hoysala Empire,Hinduism,P140,Hoysala Empire is affiliated with the religion [MASK]
Abdur Raheem Green,Islam,P140,Abdur Raheem Green is affiliated with the religion [MASK]
Stanley Hauerwas,Christianity,P140,Stanley Hauerwas is affiliated with the religion [MASK]
Stanley Hauerwas,Christianity,P140,Stanley Hauerwas is affiliated with the religion [MASK]
Al-Mutawakkil,Islam,P140,Al-Mutawakkil is affiliated with the religion [MASK]
Sweyn I of Denmark,Christianity,P140,Sweyn I of Denmark is affiliated with the religion [MASK]
Omar Abdel-Rahman,Islam,P140,Omar Abdel-Rahman is affiliated with the religion [MASK]
Omar Abdel-Rahman,Islam,P140,Omar Abdel-Rahman is affiliated with the religion [MASK]
Aurobindo Ghosh,Hinduism,P140,Aurobindo Ghosh is affiliated with the religion [MASK]
Sarvepalli Radhakrishnan,Hinduism,P140,Sarvepalli Radhakrishnan is affiliated with the religion [MASK]
Vytautas,Christianity,P140,Vytautas is affiliated with the religion [MASK]
Al-Mukhtar,Islam,P140,Al-Mukhtar is affiliated with the religion [MASK]
Al-Mukhtar,Islam,P140,Al-Mukhtar is affiliated with the religion [MASK]
Taj Mahal,Islam,P140,Taj Mahal is affiliated with the religion [MASK]
Joachim of Fiore,Christianity,P140,Joachim of Fiore is affiliated with the religion [MASK]
Musa al-Kadhim,Islam,P140,Musa al-Kadhim is affiliated with the religion [MASK]
Abū Muhammad al-Hasan al-Hamdānī,Islam,P140,Abū Muhammad al-Hasan al-Hamdānī is affiliated with the religion [MASK]
Abū Muhammad al-Hasan al-Hamdānī,Islam,P140,Abū Muhammad al-Hasan al-Hamdānī is affiliated with the religion [MASK]
Malik al-Ashtar,Islam,P140,Malik al-Ashtar is affiliated with the religion [MASK]
Mohamed Morsi,Islam,P140,Mohamed Morsi is affiliated with the religion [MASK]
Hephthalite Empire,Buddhism,P140,Hephthalite Empire is affiliated with the religion [MASK]
shofar,Judaism,P140,shofar is affiliated with the religion [MASK]
Khalifa bin Zayed Al Nahyan,Islam,P140,Khalifa bin Zayed Al Nahyan is affiliated with the religion [MASK]
Ingrid Mattson,Islam,P140,Ingrid Mattson is affiliated with the religion [MASK]
Afonso III of Portugal,Christianity,P140,Afonso III of Portugal is affiliated with the religion [MASK]
Tareq Al-Suwaidan,Islam,P140,Tareq Al-Suwaidan is affiliated with the religion [MASK]
Nogai Khan,Islam,P140,Nogai Khan is affiliated with the religion [MASK]
Nogai Khan,Islam,P140,Nogai Khan is affiliated with the religion [MASK]
Nigun,Judaism,P140,Nigun is affiliated with the religion [MASK]
Nigun,Judaism,P140,Nigun is affiliated with the religion [MASK]
Abul Ala Maududi,Islam,P140,Abul Ala Maududi is affiliated with the religion [MASK]
Zaheer Khan,Islam,P140,Zaheer Khan is affiliated with the religion [MASK]
Farouk of Egypt,Islam,P140,Farouk of Egypt is affiliated with the religion [MASK]
Baptist Union of Wales,Christianity,P140,Baptist Union of Wales is affiliated with the religion [MASK]
Yosef Yitzchok Schneersohn,Judaism,P140,Yosef Yitzchok Schneersohn is affiliated with the religion [MASK]
Yosef Yitzchok Schneersohn,Judaism,P140,Yosef Yitzchok Schneersohn is affiliated with the religion [MASK]
Islam Shah Suri,Islam,P140,Islam Shah Suri is affiliated with the religion [MASK]
Islam Shah Suri,Islam,P140,Islam Shah Suri is affiliated with the religion [MASK]
Al-Khansa,Islam,P140,Al-Khansa is affiliated with the religion [MASK]
Sheikh Bedreddin,Islam,P140,Sheikh Bedreddin is affiliated with the religion [MASK]
Sheikh Bedreddin,Islam,P140,Sheikh Bedreddin is affiliated with the religion [MASK]
Hank Johnson,Buddhism,P140,Hank Johnson is affiliated with the religion [MASK]
Hank Johnson,Buddhism,P140,Hank Johnson is affiliated with the religion [MASK]
Ahmad al-Badawi,Islam,P140,Ahmad al-Badawi is affiliated with the religion [MASK]
Ahmad al-Badawi,Islam,P140,Ahmad al-Badawi is affiliated with the religion [MASK]
Huineng,Buddhism,P140,Huineng is affiliated with the religion [MASK]
Julius Vogel,Judaism,P140,Julius Vogel is affiliated with the religion [MASK]
Marilyn Monroe,Judaism,P140,Marilyn Monroe is affiliated with the religion [MASK]
Sultan Satuq Bughra Khan,Islam,P140,Sultan Satuq Bughra Khan is affiliated with the religion [MASK]
Sultan Satuq Bughra Khan,Islam,P140,Sultan Satuq Bughra Khan is affiliated with the religion [MASK]
Sumayyah bint Khayyat,Islam,P140,Sumayyah bint Khayyat is affiliated with the religion [MASK]
Safwan ibn Umayya,Islam,P140,Safwan ibn Umayya is affiliated with the religion [MASK]
Enchin,Buddhism,P140,Enchin is affiliated with the religion [MASK]
Ennin,Buddhism,P140,Ennin is affiliated with the religion [MASK]
Lubaba bint al-Harith,Islam,P140,Lubaba bint al-Harith is affiliated with the religion [MASK]
Lubaba bint al-Harith,Islam,P140,Lubaba bint al-Harith is affiliated with the religion [MASK]
"Sajida Sultan, Begum of Bhopal",Islam,P140,"Sajida Sultan, Begum of Bhopal is affiliated with the religion [MASK]"
"Sajida Sultan, Begum of Bhopal",Islam,P140,"Sajida Sultan, Begum of Bhopal is affiliated with the religion [MASK]"
Sharmila Tagore,Islam,P140,Sharmila Tagore is affiliated with the religion [MASK]
Mansoor Ali Khan Pataudi,Islam,P140,Mansoor Ali Khan Pataudi is affiliated with the religion [MASK]
Soha Ali Khan,Islam,P140,Soha Ali Khan is affiliated with the religion [MASK]
Ibn Ishaq,Islam,P140,Ibn Ishaq is affiliated with the religion [MASK]
Ibn Ishaq,Islam,P140,Ibn Ishaq is affiliated with the religion [MASK]
Hamza ibn ‘Abd al-Muttalib,Islam,P140,Hamza ibn ‘Abd al-Muttalib is affiliated with the religion [MASK]
Mountain Jews,Judaism,P140,Mountain Jews is affiliated with the religion [MASK]
Mountain Jews,Judaism,P140,Mountain Jews is affiliated with the religion [MASK]
Ali Naqi Naqvi,Islam,P140,Ali Naqi Naqvi is affiliated with the religion [MASK]
Hyder Ali,Islam,P140,Hyder Ali is affiliated with the religion [MASK]
Bade Ghulam Ali Khan,Islam,P140,Bade Ghulam Ali Khan is affiliated with the religion [MASK]
Qutbuddin Bakhtiar Kaki,Islam,P140,Qutbuddin Bakhtiar Kaki is affiliated with the religion [MASK]
Qutbuddin Bakhtiar Kaki,Islam,P140,Qutbuddin Bakhtiar Kaki is affiliated with the religion [MASK]
Kazakh Khanate,Islam,P140,Kazakh Khanate is affiliated with the religion [MASK]
Golconda Sultanate,Islam,P140,Golconda Sultanate is affiliated with the religion [MASK]
Saman Khuda,Islam,P140,Saman Khuda is affiliated with the religion [MASK]
Nasir al-Din al-Tusi,Islam,P140,Nasir al-Din al-Tusi is affiliated with the religion [MASK]
Al-Waqidi,Islam,P140,Al-Waqidi is affiliated with the religion [MASK]
Christian Ganczarski,Islam,P140,Christian Ganczarski is affiliated with the religion [MASK]
Christian Ganczarski,Islam,P140,Christian Ganczarski is affiliated with the religion [MASK]
Paramahansa Yogananda,Hinduism,P140,Paramahansa Yogananda is affiliated with the religion [MASK]
Hebrew Theological College,Judaism,P140,Hebrew Theological College is affiliated with the religion [MASK]
Selim I,Islam,P140,Selim I is affiliated with the religion [MASK]
Mohammed Iqbal Khan,Islam,P140,Mohammed Iqbal Khan is affiliated with the religion [MASK]
Homoousion,Christianity,P140,Homoousion is affiliated with the religion [MASK]
Homoousion,Christianity,P140,Homoousion is affiliated with the religion [MASK]
Fahd bin Abdulaziz Al Saud,Islam,P140,Fahd bin Abdulaziz Al Saud is affiliated with the religion [MASK]
"Rowland Allanson-Winn, 5th Baron Headley",Islam,P140,"Rowland Allanson-Winn, 5th Baron Headley is affiliated with the religion [MASK]"
Kingdom of Pajang,Islam,P140,Kingdom of Pajang is affiliated with the religion [MASK]
Kingdom of Pajang,Islam,P140,Kingdom of Pajang is affiliated with the religion [MASK]
Mahmud al-Hasan,Islam,P140,Mahmud al-Hasan is affiliated with the religion [MASK]
Muhammad Zakariya Kandhalawi,Islam,P140,Muhammad Zakariya Kandhalawi is affiliated with the religion [MASK]
Bonaventure,Christianity,P140,Bonaventure is affiliated with the religion [MASK]
Pervez Musharraf,Islam,P140,Pervez Musharraf is affiliated with the religion [MASK]
Syed Ahmed Khan,Islam,P140,Syed Ahmed Khan is affiliated with the religion [MASK]
Syed Ahmed Khan,Islam,P140,Syed Ahmed Khan is affiliated with the religion [MASK]
Anwar el Sadat,Islam,P140,Anwar el Sadat is affiliated with the religion [MASK]
Al-Ala'a Al-Hadrami,Islam,P140,Al-Ala'a Al-Hadrami is affiliated with the religion [MASK]
Ibn Rajab,Islam,P140,Ibn Rajab is affiliated with the religion [MASK]
Ibn Rajab,Islam,P140,Ibn Rajab is affiliated with the religion [MASK]
Aukai Collins,Islam,P140,Aukai Collins is affiliated with the religion [MASK]
Aukai Collins,Islam,P140,Aukai Collins is affiliated with the religion [MASK]
Shah Alam II,Islam,P140,Shah Alam II is affiliated with the religion [MASK]
Hersekzade Ahmed Pasha,Islam,P140,Hersekzade Ahmed Pasha is affiliated with the religion [MASK]
Hersekzade Ahmed Pasha,Islam,P140,Hersekzade Ahmed Pasha is affiliated with the religion [MASK]
Ahmed es-Sikeli,Islam,P140,Ahmed es-Sikeli is affiliated with the religion [MASK]
Ahmed es-Sikeli,Islam,P140,Ahmed es-Sikeli is affiliated with the religion [MASK]
Umber Island,Antarctica,P30,Umber Island is located in the continent [MASK]
Umber Island,Antarctica,P30,Umber Island is located in the continent [MASK]
Prussian Partition,Europe,P30,Prussian Partition is located in the continent [MASK]
Samuel Point,Antarctica,P30,Samuel Point is located in the continent [MASK]
Samuel Point,Antarctica,P30,Samuel Point is located in the continent [MASK]
Cieszyn,Europe,P30,Cieszyn is located in the continent [MASK]
Willan Saddle,Antarctica,P30,Willan Saddle is located in the continent [MASK]
Willan Saddle,Antarctica,P30,Willan Saddle is located in the continent [MASK]
Imperial Trans-Antarctic Expedition,Antarctica,P30,Imperial Trans-Antarctic Expedition is located in the continent [MASK]
Imperial Trans-Antarctic Expedition,Antarctica,P30,Imperial Trans-Antarctic Expedition is located in the continent [MASK]
Tiruvannamalai district,Asia,P30,Tiruvannamalai district is located in the continent [MASK]
Brooklyn Island,Antarctica,P30,Brooklyn Island is located in the continent [MASK]
Chad Basin,Africa,P30,Chad Basin is located in the continent [MASK]
Banaskantha district,Asia,P30,Banaskantha district is located in the continent [MASK]
Balochistan,Asia,P30,Balochistan is located in the continent [MASK]
Udupi district,Asia,P30,Udupi district is located in the continent [MASK]
Millerand Island,Antarctica,P30,Millerand Island is located in the continent [MASK]
Kama River,Europe,P30,Kama River is located in the continent [MASK]
Fort William Point,Antarctica,P30,Fort William Point is located in the continent [MASK]
Fort William Point,Antarctica,P30,Fort William Point is located in the continent [MASK]
Stabben,Antarctica,P30,Stabben is located in the continent [MASK]
Stabben,Antarctica,P30,Stabben is located in the continent [MASK]
Tile Ridge,Antarctica,P30,Tile Ridge is located in the continent [MASK]
Tile Ridge,Antarctica,P30,Tile Ridge is located in the continent [MASK]
Canisteo Peninsula,Antarctica,P30,Canisteo Peninsula is located in the continent [MASK]
Canisteo Peninsula,Antarctica,P30,Canisteo Peninsula is located in the continent [MASK]
Strom Glacier,Antarctica,P30,Strom Glacier is located in the continent [MASK]
David Island,Antarctica,P30,David Island is located in the continent [MASK]
David Island,Antarctica,P30,David Island is located in the continent [MASK]
Cape Rymill,Antarctica,P30,Cape Rymill is located in the continent [MASK]
Pequod Glacier,Antarctica,P30,Pequod Glacier is located in the continent [MASK]
Pequod Glacier,Antarctica,P30,Pequod Glacier is located in the continent [MASK]
Nyamuragira,Africa,P30,Nyamuragira is located in the continent [MASK]
Evans Peninsula,Antarctica,P30,Evans Peninsula is located in the continent [MASK]
Pechora River,Europe,P30,Pechora River is located in the continent [MASK]
Pechora River,Europe,P30,Pechora River is located in the continent [MASK]
Jhelum River,Asia,P30,Jhelum River is located in the continent [MASK]
Wright Lower Glacier,Antarctica,P30,Wright Lower Glacier is located in the continent [MASK]
Wright Lower Glacier,Antarctica,P30,Wright Lower Glacier is located in the continent [MASK]
Eiger,Europe,P30,Eiger is located in the continent [MASK]
Eiger,Europe,P30,Eiger is located in the continent [MASK]
Gambia River,Africa,P30,Gambia River is located in the continent [MASK]
Drummond Glacier,Antarctica,P30,Drummond Glacier is located in the continent [MASK]
Mount Queequeg,Antarctica,P30,Mount Queequeg is located in the continent [MASK]
Mount Queequeg,Antarctica,P30,Mount Queequeg is located in the continent [MASK]
Greenwood Valley,Antarctica,P30,Greenwood Valley is located in the continent [MASK]
Greenwood Valley,Antarctica,P30,Greenwood Valley is located in the continent [MASK]
Beaumont Glacier,Antarctica,P30,Beaumont Glacier is located in the continent [MASK]
Beaumont Glacier,Antarctica,P30,Beaumont Glacier is located in the continent [MASK]
Carlini Station,Antarctica,P30,Carlini Station is located in the continent [MASK]
Carlini Station,Antarctica,P30,Carlini Station is located in the continent [MASK]
Venta,Europe,P30,Venta is located in the continent [MASK]
Arrival Heights,Antarctica,P30,Arrival Heights is located in the continent [MASK]
Arrival Heights,Antarctica,P30,Arrival Heights is located in the continent [MASK]
Piccard Cove,Antarctica,P30,Piccard Cove is located in the continent [MASK]
Robinson Group,Antarctica,P30,Robinson Group is located in the continent [MASK]
Robinson Group,Antarctica,P30,Robinson Group is located in the continent [MASK]
Kingdom of Mercia,Europe,P30,Kingdom of Mercia is located in the continent [MASK]
Murphy Glacier,Antarctica,P30,Murphy Glacier is located in the continent [MASK]
Murphy Glacier,Antarctica,P30,Murphy Glacier is located in the continent [MASK]
Crown Peak,Antarctica,P30,Crown Peak is located in the continent [MASK]
Miziya Peak,Antarctica,P30,Miziya Peak is located in the continent [MASK]
Miziya Peak,Antarctica,P30,Miziya Peak is located in the continent [MASK]
Darley Hills,Antarctica,P30,Darley Hills is located in the continent [MASK]
Darley Hills,Antarctica,P30,Darley Hills is located in the continent [MASK]
Posadowsky Bay,Antarctica,P30,Posadowsky Bay is located in the continent [MASK]
Tiber,Europe,P30,Tiber is located in the continent [MASK]
Saunders Mountain,Antarctica,P30,Saunders Mountain is located in the continent [MASK]
Saunders Mountain,Antarctica,P30,Saunders Mountain is located in the continent [MASK]
Irtysh river,Asia,P30,Irtysh river is located in the continent [MASK]
Shirley Island,Antarctica,P30,Shirley Island is located in the continent [MASK]
Shirley Island,Antarctica,P30,Shirley Island is located in the continent [MASK]
Despotate of Epirus,Europe,P30,Despotate of Epirus is located in the continent [MASK]
Indian Institute of Science,Asia,P30,Indian Institute of Science is located in the continent [MASK]
Indian Institute of Science,Asia,P30,Indian Institute of Science is located in the continent [MASK]
Ferrer Point,Antarctica,P30,Ferrer Point is located in the continent [MASK]
Ferrer Point,Antarctica,P30,Ferrer Point is located in the continent [MASK]
Shipton Ridge,Antarctica,P30,Shipton Ridge is located in the continent [MASK]
Shipton Ridge,Antarctica,P30,Shipton Ridge is located in the continent [MASK]
East Francia,Europe,P30,East Francia is located in the continent [MASK]
Nizamabad district,Asia,P30,Nizamabad district is located in the continent [MASK]
Collins Harbour,Antarctica,P30,Collins Harbour is located in the continent [MASK]
Collins Harbour,Antarctica,P30,Collins Harbour is located in the continent [MASK]
Tierney Peninsula,Antarctica,P30,Tierney Peninsula is located in the continent [MASK]
Merrick Mountains,Antarctica,P30,Merrick Mountains is located in the continent [MASK]
Merrick Mountains,Antarctica,P30,Merrick Mountains is located in the continent [MASK]
Padda Island,Antarctica,P30,Padda Island is located in the continent [MASK]
Padda Island,Antarctica,P30,Padda Island is located in the continent [MASK]
Zechstein,Europe,P30,Zechstein is located in the continent [MASK]
Zechstein,Europe,P30,Zechstein is located in the continent [MASK]
Exarchate of Ravenna,Europe,P30,Exarchate of Ravenna is located in the continent [MASK]
Apollo Peak,Antarctica,P30,Apollo Peak is located in the continent [MASK]
Rezen Saddle,Antarctica,P30,Rezen Saddle is located in the continent [MASK]
Rezen Saddle,Antarctica,P30,Rezen Saddle is located in the continent [MASK]
Shebelle River,Africa,P30,Shebelle River is located in the continent [MASK]
Shebelle River,Africa,P30,Shebelle River is located in the continent [MASK]
United States Minor Outlying Islands,Oceania,P30,United States Minor Outlying Islands is located in the continent [MASK]
Newell Point,Antarctica,P30,Newell Point is located in the continent [MASK]
Newell Point,Antarctica,P30,Newell Point is located in the continent [MASK]
Craiova,Europe,P30,Craiova is located in the continent [MASK]
Zemen Knoll,Antarctica,P30,Zemen Knoll is located in the continent [MASK]
Zemen Knoll,Antarctica,P30,Zemen Knoll is located in the continent [MASK]
Welcome Mountain,Antarctica,P30,Welcome Mountain is located in the continent [MASK]
Welcome Mountain,Antarctica,P30,Welcome Mountain is located in the continent [MASK]
Ol Doinyo Lengai,Africa,P30,Ol Doinyo Lengai is located in the continent [MASK]
Erickson Bluffs,Antarctica,P30,Erickson Bluffs is located in the continent [MASK]
Erickson Bluffs,Antarctica,P30,Erickson Bluffs is located in the continent [MASK]
Cleveland Glacier,Antarctica,P30,Cleveland Glacier is located in the continent [MASK]
Pourquoi Pas Point,Antarctica,P30,Pourquoi Pas Point is located in the continent [MASK]
Von Essen Mountain,Antarctica,P30,Von Essen Mountain is located in the continent [MASK]
Von Essen Mountain,Antarctica,P30,Von Essen Mountain is located in the continent [MASK]
Emmanuel Glacier,Antarctica,P30,Emmanuel Glacier is located in the continent [MASK]
Noll Glacier,Antarctica,P30,Noll Glacier is located in the continent [MASK]
Noll Glacier,Antarctica,P30,Noll Glacier is located in the continent [MASK]
Harsewinkel,Europe,P30,Harsewinkel is located in the continent [MASK]
Harsewinkel,Europe,P30,Harsewinkel is located in the continent [MASK]
Quarles Range,Antarctica,P30,Quarles Range is located in the continent [MASK]
Demay Point,Antarctica,P30,Demay Point is located in the continent [MASK]
Ismoil Somoni Peak,Asia,P30,Ismoil Somoni Peak is located in the continent [MASK]
Ismoil Somoni Peak,Asia,P30,Ismoil Somoni Peak is located in the continent [MASK]
Bertha Island,Antarctica,P30,Bertha Island is located in the continent [MASK]
Euphrates,Asia,P30,Euphrates is located in the continent [MASK]
Scheldt,Europe,P30,Scheldt is located in the continent [MASK]
Scheldt,Europe,P30,Scheldt is located in the continent [MASK]
Indira Gandhi National Open University,Asia,P30,Indira Gandhi National Open University is located in the continent [MASK]
Northwind Glacier,Antarctica,P30,Northwind Glacier is located in the continent [MASK]
Cape Barne,Antarctica,P30,Cape Barne is located in the continent [MASK]
Kingdom of Burgundy,Europe,P30,Kingdom of Burgundy is located in the continent [MASK]
Kanchenjunga,Asia,P30,Kanchenjunga is located in the continent [MASK]
Rubicon,Europe,P30,Rubicon is located in the continent [MASK]
Rubicon,Europe,P30,Rubicon is located in the continent [MASK]
Cathedral Rocks,Antarctica,P30,Cathedral Rocks is located in the continent [MASK]
Cathedral Rocks,Antarctica,P30,Cathedral Rocks is located in the continent [MASK]
Elkhorn Ridge,Antarctica,P30,Elkhorn Ridge is located in the continent [MASK]
Morris Rock,Antarctica,P30,Morris Rock is located in the continent [MASK]
Morris Rock,Antarctica,P30,Morris Rock is located in the continent [MASK]
Sobat River,Africa,P30,Sobat River is located in the continent [MASK]
Sobat River,Africa,P30,Sobat River is located in the continent [MASK]
Chambal River,Asia,P30,Chambal River is located in the continent [MASK]
Avitohol Point,Antarctica,P30,Avitohol Point is located in the continent [MASK]
Avitohol Point,Antarctica,P30,Avitohol Point is located in the continent [MASK]
Yovkov Point,Antarctica,P30,Yovkov Point is located in the continent [MASK]
Yovkov Point,Antarctica,P30,Yovkov Point is located in the continent [MASK]
Yamato 000593,Antarctica,P30,Yamato 000593 is located in the continent [MASK]
Benson Point,Antarctica,P30,Benson Point is located in the continent [MASK]
Benson Point,Antarctica,P30,Benson Point is located in the continent [MASK]
Snowdon,Europe,P30,Snowdon is located in the continent [MASK]
Rayner Glacier,Antarctica,P30,Rayner Glacier is located in the continent [MASK]
Rufiji River,Africa,P30,Rufiji River is located in the continent [MASK]
Koyambedu,Asia,P30,Koyambedu is located in the continent [MASK]
Irish Free State,Europe,P30,Irish Free State is located in the continent [MASK]
Curzon Islands,Antarctica,P30,Curzon Islands is located in the continent [MASK]
Ice Runway,Antarctica,P30,Ice Runway is located in the continent [MASK]
Gadag district,Asia,P30,Gadag district is located in the continent [MASK]
Birchall Peaks,Antarctica,P30,Birchall Peaks is located in the continent [MASK]
Birchall Peaks,Antarctica,P30,Birchall Peaks is located in the continent [MASK]
Luapula River,Africa,P30,Luapula River is located in the continent [MASK]
Luapula River,Africa,P30,Luapula River is located in the continent [MASK]
Botnneset Peninsula,Antarctica,P30,Botnneset Peninsula is located in the continent [MASK]
Botnneset Peninsula,Antarctica,P30,Botnneset Peninsula is located in the continent [MASK]
Publications Ice Shelf,Antarctica,P30,Publications Ice Shelf is located in the continent [MASK]
Arkell Cirque,Antarctica,P30,Arkell Cirque is located in the continent [MASK]
Arkell Cirque,Antarctica,P30,Arkell Cirque is located in the continent [MASK]
Ma River,Asia,P30,Ma River is located in the continent [MASK]
Ma River,Asia,P30,Ma River is located in the continent [MASK]
Cape Archer,Antarctica,P30,Cape Archer is located in the continent [MASK]
Cape Archer,Antarctica,P30,Cape Archer is located in the continent [MASK]
Quartz Hills,Antarctica,P30,Quartz Hills is located in the continent [MASK]
Quartz Hills,Antarctica,P30,Quartz Hills is located in the continent [MASK]
Churchill Peninsula,Antarctica,P30,Churchill Peninsula is located in the continent [MASK]
Butler Glacier,Antarctica,P30,Butler Glacier is located in the continent [MASK]
Pidgeon Island,Antarctica,P30,Pidgeon Island is located in the continent [MASK]
Batterbee Mountains,Antarctica,P30,Batterbee Mountains is located in the continent [MASK]
Batterbee Mountains,Antarctica,P30,Batterbee Mountains is located in the continent [MASK]
Grossglockner,Europe,P30,Grossglockner is located in the continent [MASK]
Norway Bight,Antarctica,P30,Norway Bight is located in the continent [MASK]
Norway Bight,Antarctica,P30,Norway Bight is located in the continent [MASK]
Penney Bay,Antarctica,P30,Penney Bay is located in the continent [MASK]
Cape Filchner,Antarctica,P30,Cape Filchner is located in the continent [MASK]
Cape Filchner,Antarctica,P30,Cape Filchner is located in the continent [MASK]
Marinid dynasty,Africa,P30,Marinid dynasty is located in the continent [MASK]
Alpha Island,Antarctica,P30,Alpha Island is located in the continent [MASK]
Kingdom of Saxony,Europe,P30,Kingdom of Saxony is located in the continent [MASK]
Kingdom of Saxony,Europe,P30,Kingdom of Saxony is located in the continent [MASK]
Barrientos Island,Antarctica,P30,Barrientos Island is located in the continent [MASK]
Barrientos Island,Antarctica,P30,Barrientos Island is located in the continent [MASK]
Swanson Mountains,Antarctica,P30,Swanson Mountains is located in the continent [MASK]
Swanson Mountains,Antarctica,P30,Swanson Mountains is located in the continent [MASK]
Irrawaddy River,Asia,P30,Irrawaddy River is located in the continent [MASK]
Cape Smith,Antarctica,P30,Cape Smith is located in the continent [MASK]
Cape Smith,Antarctica,P30,Cape Smith is located in the continent [MASK]
Danger Islands,Antarctica,P30,Danger Islands is located in the continent [MASK]
Danger Islands,Antarctica,P30,Danger Islands is located in the continent [MASK]
Gdynia,Europe,P30,Gdynia is located in the continent [MASK]
Rajkot,Asia,P30,Rajkot is located in the continent [MASK]
Rajkot,Asia,P30,Rajkot is located in the continent [MASK]
Mackellar Inlet,Antarctica,P30,Mackellar Inlet is located in the continent [MASK]
Kryvyi Rih,Europe,P30,Kryvyi Rih is located in the continent [MASK]
Inn,Europe,P30,Inn is located in the continent [MASK]
Wright Inlet,Antarctica,P30,Wright Inlet is located in the continent [MASK]
Wright Inlet,Antarctica,P30,Wright Inlet is located in the continent [MASK]
Daugava River,Europe,P30,Daugava River is located in the continent [MASK]
Daugava River,Europe,P30,Daugava River is located in the continent [MASK]
Storm Peak,Antarctica,P30,Storm Peak is located in the continent [MASK]
Storm Peak,Antarctica,P30,Storm Peak is located in the continent [MASK]
Shahdol district,Asia,P30,Shahdol district is located in the continent [MASK]
Warta,Europe,P30,Warta is located in the continent [MASK]
Warta,Europe,P30,Warta is located in the continent [MASK]
Shipka Saddle,Antarctica,P30,Shipka Saddle is located in the continent [MASK]
Shipka Saddle,Antarctica,P30,Shipka Saddle is located in the continent [MASK]
Mount McClintock,Antarctica,P30,Mount McClintock is located in the continent [MASK]
Lomonosov Mountains,Antarctica,P30,Lomonosov Mountains is located in the continent [MASK]
Lomonosov Mountains,Antarctica,P30,Lomonosov Mountains is located in the continent [MASK]
Shkhara,Europe,P30,Shkhara is located in the continent [MASK]
Bani River,Africa,P30,Bani River is located in the continent [MASK]
Terningskarvet Mountain,Antarctica,P30,Terningskarvet Mountain is located in the continent [MASK]
Terningskarvet Mountain,Antarctica,P30,Terningskarvet Mountain is located in the continent [MASK]
Dundee Whaling Expedition,Antarctica,P30,Dundee Whaling Expedition is located in the continent [MASK]
Dundee Whaling Expedition,Antarctica,P30,Dundee Whaling Expedition is located in the continent [MASK]
Chapman Snowfield,Antarctica,P30,Chapman Snowfield is located in the continent [MASK]
Chapman Snowfield,Antarctica,P30,Chapman Snowfield is located in the continent [MASK]
Indigirka River,Asia,P30,Indigirka River is located in the continent [MASK]
Bowman Glacier,Antarctica,P30,Bowman Glacier is located in the continent [MASK]
Bowman Glacier,Antarctica,P30,Bowman Glacier is located in the continent [MASK]
Williams Hills,Antarctica,P30,Williams Hills is located in the continent [MASK]
Karun,Asia,P30,Karun is located in the continent [MASK]
Scaife Mountains,Antarctica,P30,Scaife Mountains is located in the continent [MASK]
Scaife Mountains,Antarctica,P30,Scaife Mountains is located in the continent [MASK]
Beaglehole Glacier,Antarctica,P30,Beaglehole Glacier is located in the continent [MASK]
Beaglehole Glacier,Antarctica,P30,Beaglehole Glacier is located in the continent [MASK]
Support Force Glacier,Antarctica,P30,Support Force Glacier is located in the continent [MASK]
Support Force Glacier,Antarctica,P30,Support Force Glacier is located in the continent [MASK]
Pearse Valley,Antarctica,P30,Pearse Valley is located in the continent [MASK]
Pearse Valley,Antarctica,P30,Pearse Valley is located in the continent [MASK]
Riiser-Larsen Ice Shelf,Antarctica,P30,Riiser-Larsen Ice Shelf is located in the continent [MASK]
Neva,Europe,P30,Neva is located in the continent [MASK]
Neva,Europe,P30,Neva is located in the continent [MASK]
Bigourdan Fjord,Antarctica,P30,Bigourdan Fjord is located in the continent [MASK]
Bigourdan Fjord,Antarctica,P30,Bigourdan Fjord is located in the continent [MASK]
Alsace-Lorraine,Europe,P30,Alsace-Lorraine is located in the continent [MASK]
Schreckhorn,Europe,P30,Schreckhorn is located in the continent [MASK]
Schreckhorn,Europe,P30,Schreckhorn is located in the continent [MASK]
Kaveri River,Asia,P30,Kaveri River is located in the continent [MASK]
Kouilou-Niari River,Africa,P30,Kouilou-Niari River is located in the continent [MASK]
Sartorius Point,Antarctica,P30,Sartorius Point is located in the continent [MASK]
Sartorius Point,Antarctica,P30,Sartorius Point is located in the continent [MASK]
Kotis Point,Antarctica,P30,Kotis Point is located in the continent [MASK]
Kotis Point,Antarctica,P30,Kotis Point is located in the continent [MASK]
KU Leuven,Europe,P30,KU Leuven is located in the continent [MASK]
Tigris,Asia,P30,Tigris is located in the continent [MASK]
Volga Bulgaria,Europe,P30,Volga Bulgaria is located in the continent [MASK]
Princess Elisabeth Antarctica,Antarctica,P30,Princess Elisabeth Antarctica is located in the continent [MASK]
Princess Elisabeth Antarctica,Antarctica,P30,Princess Elisabeth Antarctica is located in the continent [MASK]
Annamalai University,Asia,P30,Annamalai University is located in the continent [MASK]
Annamalai University,Asia,P30,Annamalai University is located in the continent [MASK]
Solan District,Asia,P30,Solan District is located in the continent [MASK]
Romulus Glacier,Antarctica,P30,Romulus Glacier is located in the continent [MASK]
Wylie Bay,Antarctica,P30,Wylie Bay is located in the continent [MASK]
Wylie Bay,Antarctica,P30,Wylie Bay is located in the continent [MASK]
Segura,Europe,P30,Segura is located in the continent [MASK]
Nimbus Hills,Antarctica,P30,Nimbus Hills is located in the continent [MASK]
Bull Pass,Antarctica,P30,Bull Pass is located in the continent [MASK]
Bull Pass,Antarctica,P30,Bull Pass is located in the continent [MASK]
Gelderland,Europe,P30,Gelderland is located in the continent [MASK]
Gelderland,Europe,P30,Gelderland is located in the continent [MASK]
Borchgrevink Glacier,Antarctica,P30,Borchgrevink Glacier is located in the continent [MASK]
Mount Schuyler,Antarctica,P30,Mount Schuyler is located in the continent [MASK]
Mount Schuyler,Antarctica,P30,Mount Schuyler is located in the continent [MASK]
Nebraska Peaks,Antarctica,P30,Nebraska Peaks is located in the continent [MASK]
Nebraska Peaks,Antarctica,P30,Nebraska Peaks is located in the continent [MASK]
Gabbro Hills,Antarctica,P30,Gabbro Hills is located in the continent [MASK]
Gabbro Hills,Antarctica,P30,Gabbro Hills is located in the continent [MASK]
Jones Bluffs,Antarctica,P30,Jones Bluffs is located in the continent [MASK]
Jones Bluffs,Antarctica,P30,Jones Bluffs is located in the continent [MASK]
Hurricane Ridge,Antarctica,P30,Hurricane Ridge is located in the continent [MASK]
Trelech,Europe,P30,Trelech is located in the continent [MASK]
Trelech,Europe,P30,Trelech is located in the continent [MASK]
Gornergrat,Europe,P30,Gornergrat is located in the continent [MASK]
Gornergrat,Europe,P30,Gornergrat is located in the continent [MASK]
Principality of Sealand,Europe,P30,Principality of Sealand is located in the continent [MASK]
Paulet Island,Antarctica,P30,Paulet Island is located in the continent [MASK]
Paulet Island,Antarctica,P30,Paulet Island is located in the continent [MASK]
Eland Mountains,Antarctica,P30,Eland Mountains is located in the continent [MASK]
Eland Mountains,Antarctica,P30,Eland Mountains is located in the continent [MASK]
Spur Point,Antarctica,P30,Spur Point is located in the continent [MASK]
Juan de Nova Island,Africa,P30,Juan de Nova Island is located in the continent [MASK]
Eureka Glacier,Antarctica,P30,Eureka Glacier is located in the continent [MASK]
Eureka Glacier,Antarctica,P30,Eureka Glacier is located in the continent [MASK]
Chavez Island,Antarctica,P30,Chavez Island is located in the continent [MASK]
Sykes Glacier,Antarctica,P30,Sykes Glacier is located in the continent [MASK]
Sykes Glacier,Antarctica,P30,Sykes Glacier is located in the continent [MASK]
Vistula,Europe,P30,Vistula is located in the continent [MASK]
Vistula,Europe,P30,Vistula is located in the continent [MASK]
Douro,Europe,P30,Douro is located in the continent [MASK]
Chamarajanagar district,Asia,P30,Chamarajanagar district is located in the continent [MASK]
Guadalquivir,Europe,P30,Guadalquivir is located in the continent [MASK]
Shinnan Glacier,Antarctica,P30,Shinnan Glacier is located in the continent [MASK]
Shinnan Glacier,Antarctica,P30,Shinnan Glacier is located in the continent [MASK]
